Job Title,Company Name,Location,Skills,Date,Link
Python Team Lead - AI & Python Engineering,"Softec Technologies - Cairo, Egypt 9 days ago","Cairo, Egypt ",Experienced · 6+ Yrs of Exp · IT/Software Development · Quality · Engineering - Telecom/Technology · API · AWS · Communication skills · Computer Science · Development · Docker · Engineering,9 hours ago,https://wuzzuf.net/jobs/p/y9FsWhj1fMll-Python-Team-Lead---AI-Python-Engineering-Softec-Technologies-Cairo-Egypt
Senior Python Developer,"Softxpert Incorporation  - Bolkly, Alexandria, Egypt 8 days ago","Bolkly, Alexandria, Egypt ",Experienced · 3+ Yrs of Exp · Business Development · IT/Software Development · Engineering - Telecom/Technology · APIs · Angular · Software Development · Software Engineering · Web Development · MySQL · Python,4 days ago,https://wuzzuf.net/jobs/p/kx4QTsoTSbKX-Senior-Python-Developer-Softxpert-Incorporation-Alexandria-Egypt
Python Automation Engineer,"Luxoft (A DXC Technology Company) - Cairo, Egypt 1 month ago","Cairo, Egypt ",Experienced · 3+ Yrs of Exp · IT/Software Development · Engineering - Telecom/Technology · API · Computer Science · Information Technology (IT) · JIRA · Python · Selenium · Software Development · Testing,7 days ago,https://wuzzuf.net/jobs/p/ayajJH3Afl3R-Python-Automation-Engineer-Luxoft-A-DXC-Technology-Company-Cairo-Egypt
Senior Python Automation Engineer,"Luxoft (A DXC Technology Company) - Cairo, Egypt 1 month ago","Cairo, Egypt ",Experienced · 5+ Yrs of Exp · IT/Software Development · Engineering - Telecom/Technology · ALM · API · API Testing · Information Technology (IT) · Git · Computer Science · Development · JIRA,4 days ago,https://wuzzuf.net/jobs/p/kJNETgKZ7v9r-Senior-Python-Automation-Engineer-Luxoft-A-DXC-Technology-Company-Cairo-Egypt
Python Backend Developer – AI & Chatbots,"OTIC - New Cairo, Cairo, Egypt 1 month ago","New Cairo, Cairo, Egypt ",Experienced · 2 - 4 Yrs of Exp · IT/Software Development · Python Backend Developer · Database · Computer Science · Azure · APIs · Software Development · Oracle · Python · Django,2 days ago,https://wuzzuf.net/jobs/p/bwni7B3ow3qc-Python-Backend-Developer-–-AI-Chatbots-OTIC-Cairo-Egypt
Engineer,"أكاديمية ابداع للتدريب والاستشارات (Ibdaa Academy) - Bourj Alarab, Alexandria, Egypt 9 hours ago","Bourj Alarab, Alexandria, Egypt ",Entry Level · IT/Software Development · Engineering - Mechanical/Electrical · Training/Instructor · Computer Science · Engineering · Information Technology (IT) · Arduino · Python · Teaching · Development,2 days ago,https://wuzzuf.net/jobs/p/TUbDBSUy0C7A-Engineer-أكاديمية-ابداع-للتدريب-والاستشارات-Ibdaa-Academy-Alexandria-Egypt
Value-Based Healthcare Analytics Specialist,"MEAHCO - Saudi German Health - Maadi, Cairo, Egypt 4 days ago","Maadi, Cairo, Egypt ",Experienced · 3 - 5 Yrs of Exp · Analyst/Research · SQL · python development · SAS · Tableau · Power BI · QlikView · Microsoft Excel · Microsoft Azure · AWS,4 days ago,https://wuzzuf.net/jobs/p/C3GaYz9CfuMa-Value-Based-Healthcare-Analytics-Specialist-MEAHCO---Saudi-German-Health-Cairo-Egypt
Renewable Energy Engineer,"Storlytics  - Cairo, Egypt 7 days ago","Cairo, Egypt ",Entry Level · 0 - 10 Yrs of Exp · Engineering - Telecom/Technology · Engineering - Mechanical/Electrical · Engineering - Other · English · AutoCAD · Electrical Engineering · Renewable Energy · Power · PVsyst · Python,9 days ago,https://wuzzuf.net/jobs/p/4YaAOLdnDBef-Renewable-Energy-Engineer-Storlytics-Cairo-Egypt
Data Analyst Manager,"WUZZUF - Maadi, Cairo, Egypt 10 days ago","Maadi, Cairo, Egypt ",Manager · 7 - 15 Yrs of Exp · IT/Software Development · Analyst/Research · Engineering - Telecom/Technology · Analysis · business · Computer Engineering · Computer Science · Data Analysis · Engineering · Microsoft Excel,8 days ago,https://wuzzuf.net/jobs/p/78pUnInNIct1-Data-Analyst-Manager-WUZZUF-Cairo-Egypt
AI Engineer,"Quantanite - Maadi, Cairo, Egypt 4 days ago","Maadi, Cairo, Egypt ",Experienced · 5+ Yrs of Exp · IT/Software Development · Analyst/Research · Engineering - Telecom/Technology · AI · Algorithms · Computer Science · Information Technology (IT) · Engineering · Python · Software,1 month ago,https://wuzzuf.net/jobs/p/iEshzfRXs8Sv-AI-Engineer-Quantanite-Cairo-Egypt
IoT/PCB Lab Specialist - ASSUIT,"Cultiv - New Assuit, Assiut, Egypt 2 days ago","New Assuit, Assiut, Egypt ",Entry Level · 0 - 2 Yrs of Exp · Engineering - Mechanical/Electrical · EAGLE · Altium · Proteus · Electrical Engineering · C · Electronics · Embedded Systems · Hardware · IOT,1 month ago,https://wuzzuf.net/jobs/p/rA4Am0Wn5wDx-IoTPCB-Lab-Specialist---ASSUIT-Cultiv-Assiut-Egypt
IoT /PCB Lab Specialist - BORG,"Cultiv - Bourj Alarab, Alexandria, Egypt 2 days ago","Bourj Alarab, Alexandria, Egypt ",Entry Level · 0 - 2 Yrs of Exp · Engineering - Mechanical/Electrical · EAGLE · Altium · Proteus · Electrical Engineering · Embedded Systems · Hardware · IOT · PCB · Python,1 month ago,https://wuzzuf.net/jobs/p/UJUrthySokIb-IoT-PCB-Lab-Specialist---BORG-Cultiv-Alexandria-Egypt
Assembly process Engineer,"Groupe- Atlantic - 10th of Ramadan City, Cairo, Egypt 4 days ago","10th of Ramadan City, Cairo, Egypt ",Experienced · 1 - 2 Yrs of Exp · Manufacturing/Production · Engineering - Mechanical/Electrical · Engineering · Mechanical Engineering · Production · Process · Manufacturing · Process Improvement · Python · Six Sigma,10 days ago,https://wuzzuf.net/jobs/p/lsHCuvkA7kNl-Assembly-process-Engineer-Groupe--Atlantic-Cairo-Egypt
Frappe & ERPNext Developer,"Confidential - Riyadh, Saudi Arabia 13 days ago","Riyadh, Saudi Arabia ",Experienced · 3 - 5 Yrs of Exp · IT/Software Development · Engineering - Telecom/Technology · Python · jQuery · JavaScript · HTML · erpnext · CSS · Computer Science,13 days ago,https://wuzzuf.net/jobs/p/sW0qJDzw2Zyb-Frappe-ERPNext-Developer-Riyadh-Saudi-Arabia
Data Scientist,"HYVE Technology Consulting  - Cairo, Egypt 8 days ago","Cairo, Egypt ",Experienced · 2 - 5 Yrs of Exp · IT/Software Development · Computer Science · Data · Data Science · data scientist · Engineering · Hadoop · Information Technology (IT) · Java · Python,8 days ago,https://wuzzuf.net/jobs/p/9cSyIMzlasgg-Data-Scientist-HYVE-Technology-Consulting-Cairo-Egypt
Data Engineer,"HYVE Technology Consulting  - Cairo, Egypt 8 days ago","Cairo, Egypt ",Experienced · 2 - 5 Yrs of Exp · IT/Software Development · Engineering - Telecom/Technology · Computer Engineering · Computer Science · Data Mining · Data · Database · Engineering · Ibm · Information Technology (IT),3 days ago,https://wuzzuf.net/jobs/p/bBVD1SDdlEN8-Data-Engineer-HYVE-Technology-Consulting-Cairo-Egypt
Senior Linux System Administrator,"TopLine  - Cairo, Egypt 9 days ago","Cairo, Egypt ",Experienced · 4+ Yrs of Exp · Installation/Maintenance/Repair · IT/Software Development · Engineering - Telecom/Technology · AWS · Computer Science · Information Technology (IT) · Linux · Maintenance · SQL · System Administration,6 days ago,https://wuzzuf.net/jobs/p/zRc6c8RWsqyW-Senior-Linux-System-Administrator-TopLine-Cairo-Egypt
Senior Developer/Manager (Full-Stack + ML Ops),"My Business Care Team - Cairo, Egypt 9 days ago","Cairo, Egypt ",Manager · 5 - 15 Yrs of Exp · IT/Software Development · AWS · Information Technology (IT) · Software · Software Development · DevOps · Cloud · Lambda · EC2 · DynamoDB,8 days ago,https://wuzzuf.net/jobs/p/SY4v8o8V7qxZ-Senior-DeveloperManager-Full-Stack-ML-Ops-My-Business-Care-Team-Cairo-Egypt
Odoo Developer,"Jessour Misr - Abu Rawash, Giza, Egypt 9 days ago","Abu Rawash, Giza, Egypt ",Experienced · 1 - 2 Yrs of Exp · IT/Software Development · Engineering - Telecom/Technology · ERP · Computer Science · Information Technology (IT) · Python · Odoo · Development,9 days ago,https://wuzzuf.net/jobs/p/aRCztVmcIIRM-Odoo-Developer-Jessour-Misr-Giza-Egypt
AWS / Amazon Connect Specialist,"My Business Care Team - Cairo, Egypt 9 days ago","Cairo, Egypt ",Experienced · 3 - 10 Yrs of Exp · IT/Software Development · AWS · Information Technology (IT) · Python · Node.js · PHP · RESTful APIs · PostgreSQL · Amazon Web Services,9 days ago,https://wuzzuf.net/jobs/p/u1UoQ5HKkmBV-AWS-Amazon-Connect-Specialist-My-Business-Care-Team-Cairo-Egypt
Technical Team Lead,"ECC Group - Nasr City, Cairo, Egypt 11 days ago","Nasr City, Cairo, Egypt ",Experienced · 5 - 7 Yrs of Exp · Business Development · IT/Software Development · Computer Science · Development · Engineering · Information Technology (IT) · Java · JavaScript · Management · Programming,9 days ago,https://wuzzuf.net/jobs/p/MfKxNDuXRDnj-Technical-Team-Lead-ECC-Group-Cairo-Egypt
Senior AI Developer,"Global Brands - New Cairo, Cairo, Egypt 12 days ago","New Cairo, Cairo, Egypt ",Experienced · 2+ Yrs of Exp · IT/Software Development · Engineering - Telecom/Technology · AWS · APIs · Information Technology (IT) · Python · Java · Software Development · Software · Computer Science,9 days ago,https://wuzzuf.net/jobs/p/RJDgdLwlGYTJ-Senior-AI-Developer-Global-Brands-Cairo-Egypt
Odoo Developer,"Aldabboos Group     - Sheraton, Cairo, Egypt 3 days ago","Sheraton, Cairo, Egypt ",Experienced · 3 - 5 Yrs of Exp · Accounting/Finance · IT/Software Development · Engineering - Telecom/Technology · Odoo Development · Odoo · Python · Mobile Development · REST · Software · Information Technology (IT),11 days ago,https://wuzzuf.net/jobs/p/yC0J1Wb97qLs-Odoo-Developer-Aldabboos-Group-Cairo-Egypt
AI Solutions Architect,"Get AI Driven - Cairo, Egypt 6 days ago","Cairo, Egypt ",Experienced · 5 - 15 Yrs of Exp · IT/Software Development · AI · Architecture · Computer Engineering · APIs · Computer Science · DevOps · Engineering · English · JavaScript,12 days ago,https://wuzzuf.net/jobs/p/NvNlX163ebd3-AI-Solutions-Architect-Get-AI-Driven-Cairo-Egypt
Full stack developer [PHP - Laravel],"Confidential - New Cairo, Cairo, Egypt 12 days ago","New Cairo, Cairo, Egypt ",Experienced · 5+ Yrs of Exp · IT/Software Development · Engineering - Telecom/Technology · Computer Science · Software Development · Information Technology (IT) · Software Engineering · PHP · Python · Software,12 days ago,https://wuzzuf.net/jobs/p/SjAd33NLbvmB-Full-stack-developer-PHP---Laravel-Cairo-Egypt
Senior ERP Developer,"Milkys - The Milkman - Sheikh Zayed, Giza, Egypt 23 days ago","Sheikh Zayed, Giza, Egypt ",Experienced · 4 - 6 Yrs of Exp · IT/Software Development · Software Development · Programming · ERP-NEXT · Python · R · Front-End Development · Web Development · Agile · APIs,23 days ago,https://wuzzuf.net/jobs/p/eAOYdSfLEH0U-Senior-ERP-Developer-Milkys---The-Milkman-Giza-Egypt
Software Developer,"Aureka - Nasr City, Cairo, Egypt 17 days ago","Nasr City, Cairo, Egypt ",Experienced · 3 - 13 Yrs of Exp · IT/Software Development · Engineering - Telecom/Technology · ASP.Net · JavaScript · Java · Software Development · HTML · Software · Python · CSS,17 days ago,https://wuzzuf.net/jobs/p/5bOhRqRCr9gE-Software-Developer-Aureka-Cairo-Egypt
Full Stack Engineer,"Confidential - Cairo, Egypt 21 days ago","Cairo, Egypt ",Experienced · 3 - 5 Yrs of Exp · IT/Software Development · Engineering - Telecom/Technology · Angular · React · Python · Backend · Front End,21 days ago,https://wuzzuf.net/jobs/p/5Ykv82mkiFqx-Full-Stack-Engineer-Cairo-Egypt
Senior Cloud Solution Architect,"EXALT Technologies  - Sheraton, Cairo, Egypt 24 days ago","Sheraton, Cairo, Egypt ",Experienced · 5+ Yrs of Exp · Installation/Maintenance/Repair · IT/Software Development · Engineering - Telecom/Technology · Cloud · Computer Science · DevOps · Engineering · Information Technology (IT) · Infrastructure · Linux,24 days ago,https://wuzzuf.net/jobs/p/4uAgQcQKfaTC-Senior-Cloud-Solution-Architect-EXALT-Technologies-Cairo-Egypt
Business Analyst,"Elabd Foods - Abu Rawash, Giza, Egypt 28 days ago","Abu Rawash, Giza, Egypt ",Experienced · 3 - 5 Yrs of Exp · IT/Software Development · Analyst/Research · Engineering - Telecom/Technology · Agile · Analysis · analytical · Business Analysis · Data Analysis · Information Technology (IT) · Python,28 days ago,https://wuzzuf.net/jobs/p/yoRGH7V1205b-Business-Analyst-Elabd-Foods-Giza-Egypt
Senior Linux System Admin (+3 years experience),"3D Diagnostix - Maadi, Cairo, Egypt 25 days ago","Maadi, Cairo, Egypt ",Experienced · 3+ Yrs of Exp · Installation/Maintenance/Repair · IT/Software Development · Engineering - Telecom/Technology · Linux · System Administration · Information Technology (IT) · Network Administration · AWS · Bash · MySQL,25 days ago,https://wuzzuf.net/jobs/p/3bPtAsc7B4zP-Senior-Linux-System-Admin-3-years-experience-3D-Diagnostix-Cairo-Egypt
"Software Developer ""Outsourced""","Efada Technology - 6th of October, Giza, Egypt 26 days ago","6th of October, Giza, Egypt ",Experienced · 2 - 5 Yrs of Exp · IT/Software Development · Engineering - Telecom/Technology · Computer Science · Information Technology (IT) · Java · Design · Software Development · Spring · RabbitMQ · Software Engineering,26 days ago,https://wuzzuf.net/jobs/p/ck0EPBdEI3dm-Software-Developer-Outsourced-Efada-Technology-Giza-Egypt
Full Stack Developer,"Genie - Alsadat City, Monufya, Egypt 29 days ago","Alsadat City, Monufya, Egypt ",Entry Level · 0 - 5 Yrs of Exp · IT/Software Development · Engineering - Telecom/Technology · React · Django Framework · Python · tailwindcss · Full Stack Developer · JavaScript · Odoo · Computer Science,29 days ago,https://wuzzuf.net/jobs/p/DE6JGQgQcIlz-Full-Stack-Developer-Genie-Monufya-Egypt
Data Engineer,"COB Solution  - Maadi, Cairo, Egypt 28 days ago","Maadi, Cairo, Egypt ",Entry Level · 0 - 2 Yrs of Exp · IT/Software Development · Analyst/Research · Engineering - Telecom/Technology · Engineering · Computer Engineering · Computer Science · Data · Data Migration · Development · Python,28 days ago,https://wuzzuf.net/jobs/p/kB8vGnlOb9fi-Data-Engineer-COB-Solution-Cairo-Egypt
Full-Stack Developer (Front-End & Back-End),"MIBA LLC - 10th of Ramadan City, Cairo, Egypt 29 days ago","10th of Ramadan City, Cairo, Egypt ",Experienced · 4 - 5 Yrs of Exp · Creative/Design/Art · IT/Software Development · Engineering - Telecom/Technology · c++ · CSS · HTML · MongoDB · Python · Node.js · JavaScript,29 days ago,https://wuzzuf.net/jobs/p/sK2oTPBvLlg6-Full-Stack-Developer-Front-End-Back-End-MIBA-LLC-Cairo-Egypt
System Administrator,"Technical Co For Engineering and Feeding Industries - Obour City, Cairo, Egypt 26 days ago","Obour City, Cairo, Egypt ",Experienced · 3 - 15 Yrs of Exp · IT/Software Development · MCSA · networks · Information Technology (IT) · Computer Science · System administrator · Security · Python · LAN · WAN,26 days ago,https://wuzzuf.net/jobs/p/2fOMhGCAHLvY-System-Administrator-Technical-Co-For-Engineering-and-Feeding-Industries-Cairo-Egypt
System Integration Engineer,"Nullogic - Maadi, Cairo, Egypt 30 days ago","Maadi, Cairo, Egypt ",Student · Installation/Maintenance/Repair · IT/Software Development · Engineering - Mechanical/Electrical · Computer Engineering · Engineering · Computer Science · Information Technology (IT) · Communication skills · Networking · Electrical Engineering,30 days ago,https://wuzzuf.net/internship/2Zn4JoouOUXU-System-Integration-Engineer-Nullogic-Cairo-Egypt
IoT Engineer,"HITS Solutions - Nasr City, Cairo, Egypt 1 month ago","Nasr City, Cairo, Egypt ",Experienced · 1 - 3 Yrs of Exp · Installation/Maintenance/Repair · IT/Software Development · Engineering - Telecom/Technology · IOT · Engineering · Computer Science · Information Technology (IT) · MQTT · Embedded Systems · Python,1 month ago,https://wuzzuf.net/jobs/p/WleQ0i3oYrFB-IoT-Engineer-HITS-Solutions-Cairo-Egypt
Junior QA Engineer,"EXALT Technologies  - Sheraton, Cairo, Egypt 1 month ago","Sheraton, Cairo, Egypt ",Experienced · 1 - 3 Yrs of Exp · IT/Software Development · Quality · Engineering - Telecom/Technology · Agile · Automation · Computer Science · Engineering · JMeter · Python · QA,1 month ago,https://wuzzuf.net/jobs/p/K9q83Lfpcdbw-Junior-QA-Engineer-EXALT-Technologies-Cairo-Egypt
Odoo Developer,"Informatique Education - Cairo, Egypt 1 month ago","Cairo, Egypt ",Experienced · 3 - 5 Yrs of Exp · Installation/Maintenance/Repair · IT/Software Development · Engineering - Telecom/Technology · Odoo · Odoo ERP · Python,1 month ago,https://wuzzuf.net/jobs/p/t1YUcWeoElva-Odoo-Developer-Informatique-Education-Cairo-Egypt
Tech Lead Data Engineering,"HYVE Technology Consulting  - Nasr City, Cairo, Egypt 1 month ago","Nasr City, Cairo, Egypt ",Manager · 6 - 11 Yrs of Exp · IT/Software Development · Computer Engineering · Data · Data Analysis · ETL · Hadoop · Python · Relational Databases · SQL · IBM DataStage,1 month ago,https://wuzzuf.net/jobs/p/nHeVsI4SX3Hp-Tech-Lead-Data-Engineering-HYVE-Technology-Consulting-Cairo-Egypt
Senior Data Analyst,"Mobility Pro DMCC - Azarita, Alexandria, Egypt 1 month ago","Azarita, Alexandria, Egypt ",Experienced · 5+ Yrs of Exp · IT/Software Development · Analyst/Research · Data Analysis · Data Science · Microsoft Excel · Power BI · SQL · Python · Statistics · Machine Learning,1 month ago,https://wuzzuf.net/jobs/p/ltw4ifgm6LZ9-Senior-Data-Analyst-Mobility-Pro-DMCC-Alexandria-Egypt
Manager - Data Intelligence Analyst,"Almosafer - Mohandessin, Giza, Egypt 1 month ago","Mohandessin, Giza, Egypt ",Manager · 5 - 8 Yrs of Exp · Analyst/Research · Tourism/Travel · Power BI · Quicksight · Tableau · Genesys · LiveEngage · Data Analytics · SQL · Microsoft Office,1 month ago,https://wuzzuf.net/jobs/p/H4UTl8Xz7L56-Manager---Data-Intelligence-Analyst-Almosafer-Giza-Egypt
Senior Devops Engineer,"Seoudi Supermarket - Sheikh Zayed, Giza, Egypt 1 month ago","Sheikh Zayed, Giza, Egypt ",Experienced · 5 - 7 Yrs of Exp · IT/Software Development · Engineering - Telecom/Technology · Engineering - Mechanical/Electrical · Engineering · Information Technology (IT) · Linux · Python · Software · Software Development · Git,1 month ago,https://wuzzuf.net/jobs/p/ztuXO5YntVZ9-Senior-Devops-Engineer-Seoudi-Supermarket-Giza-Egypt
Backend Developer,"WTDD - 6th of October, Giza, Egypt 1 month ago","6th of October, Giza, Egypt ",Experienced · 2+ Yrs of Exp · IT/Software Development · APIs · Node.js · PostgreSQL · MongoDB · OAuth · RBAC · RESTful APIs · GraphQL · backend,1 month ago,https://wuzzuf.net/jobs/p/2hjmti4cHPaf-Backend-Developer-WTDD-Giza-Egypt
Django Developer,"Rehabitaire - Maadi, Cairo, Egypt 1 month ago","Maadi, Cairo, Egypt ",Experienced · 3+ Yrs of Exp · Creative/Design/Art · IT/Software Development · Engineering - Telecom/Technology · AWS · API · Django · Git · Information Technology (IT) · RESTful · Python,4 days ago,https://wuzzuf.net/jobs/p/igyZri08SA7M-Django-Developer-Rehabitaire-Cairo-Egypt
System Administrator Team Lead,"ECC Group - Nasr City, Cairo, Egypt 1 month ago","Nasr City, Cairo, Egypt ",Manager · 7 - 10 Yrs of Exp · IT/Software Development · Computer Science · Information Technology (IT) · Business Administration · Odoo ERP · Python · Engineering · Network Administration · Administration · Information Systems,1 month ago,https://wuzzuf.net/jobs/p/vBODiIySSELa-System-Administrator-Team-Lead-ECC-Group-Cairo-Egypt
Website Development / AI Developer,"Avetti Commerce FZCO - Heliopolis, Cairo, Egypt 1 month ago","Heliopolis, Cairo, Egypt ",Entry Level · 1 - 2 Yrs of Exp · IT/Software Development · ecommerce · Programming Language · it · Web Development · Web · Information Technology (IT) · AI · CMS · WordPress CMS,1 month ago,https://wuzzuf.net/jobs/p/9SnZTiGwnKhf-Website-Development-AI-Developer-Avetti-Commerce-FZCO-Cairo-Egypt
Software Developer,"Nile University - Sheikh Zayed, Giza, Egypt 2 months ago","Sheikh Zayed, Giza, Egypt ",Experienced · 1 - 3 Yrs of Exp · IT/Software Development · Quality · Engineering - Telecom/Technology · Agile · Computer Science · Engineering · Information Technology (IT) · Java · MySQL · Programming,1 month ago,https://wuzzuf.net/jobs/p/HU9FLgcoyHX0-Software-Developer-Nile-University-Giza-Egypt
Data Analyst,"Confidential - New Cairo, Cairo, Egypt 2 months ago","New Cairo, Cairo, Egypt ",Experienced · 2 - 5 Yrs of Exp · Administration · IT/Software Development · Engineering - Telecom/Technology · Computer Science · Data · Data Entry · Data Mining · Database · Engineering · Information Technology (IT),2 months ago,https://wuzzuf.net/jobs/p/l2JhewRjBoNv-Data-Analyst-Cairo-Egypt
Data Analyst,"London International Patient Services - Heliopolis, Cairo, Egypt 2 months ago","Heliopolis, Cairo, Egypt ",Experienced · 2 - 3 Yrs of Exp · Business Development · IT/Software Development · Analysis · Computer Science · Data Analysis · BI · Power BI · Python · SQL · Information Technology (IT),2 months ago,https://wuzzuf.net/jobs/p/s5BzCzLsEb7k-Data-Analyst-London-International-Patient-Services-Cairo-Egypt
Data Science Instructor,"EpsilonAI - Nasr City, Cairo, Egypt 2 months ago","Nasr City, Cairo, Egypt ",Experienced · 1+ Yrs of Exp · IT/Software Development · Engineering - Telecom/Technology · Training/Instructor · Data Science · Computer Science · Computer Engineering · Python · Machine Learning · Deep Learning · Artificial Intelligence (AI),2 months ago,https://wuzzuf.net/jobs/p/YxSY0hsJcmQb-Data-Science-Instructor-EpsilonAI-Cairo-Egypt
"Software Engineer (React js, Django)","Dexi - Dokki, Giza, Egypt 2 months ago","Dokki, Giza, Egypt ",Experienced · 2+ Yrs of Exp · IT/Software Development · Engineering - Telecom/Technology · React.js · Redux · Django · React Native · REST · APIs · Git · Python,2 months ago,https://wuzzuf.net/jobs/p/U2YpJIZA7ruP-Software-Engineer-React-js-Django-Dexi-Giza-Egypt
Senior AI Engineer,"Lumin - Sheikh Zayed, Giza, Egypt 2 months ago","Sheikh Zayed, Giza, Egypt ",Experienced · 3 - 5 Yrs of Exp · IT/Software Development · AI · Artificial Intelligence · Computer Vision · Machine Learning · TensorFlow · Python · Computer Science · Programming · PyTorch,2 months ago,https://wuzzuf.net/jobs/p/haTCZJoRemW2-Senior-AI-Engineer-Lumin-Giza-Egypt
DevOps - MLOps,"Rehabitaire - Maadi, Cairo, Egypt 2 months ago","Maadi, Cairo, Egypt ",Experienced · 2+ Yrs of Exp · Installation/Maintenance/Repair · IT/Software Development · Engineering - Telecom/Technology · AWS · CI/CD · Cloud · Computer Science · DevOps · Docker · Engineering,2 months ago,https://wuzzuf.net/jobs/p/5w9zqLvpCRlY-DevOps---MLOps-Rehabitaire-Cairo-Egypt
Data Analyst,"Luminar - New Cairo, Cairo, Egypt 2 months ago","New Cairo, Cairo, Egypt ",Experienced · 2 - 5 Yrs of Exp · Analyst/Research · Engineering - Telecom/Technology · Analysis · Analyst · Computer Science · Data Analysis · Data Analyst · Data · Information Technology (IT) · Tableau,2 months ago,https://wuzzuf.net/jobs/p/cZhEcNziXcWL-Data-Analyst-Luminar-Cairo-Egypt
Senior Data Engineer,"Erada - Maadi, Cairo, Egypt 2 months ago","Maadi, Cairo, Egypt ",Experienced · 4 - 6 Yrs of Exp · IT/Software Development · Engineering - Telecom/Technology · Engineering - Mechanical/Electrical · Engineering · Computer Science · NoSQL · Python · Java · Programming · Software Development,2 months ago,https://wuzzuf.net/jobs/p/iUAnN9ZpOck8-Senior-Data-Engineer-Erada-Cairo-Egypt
Odoo Developer,"TDS - Talents Digital Services. - Giza, Egypt 2 months ago","Giza, Egypt ",Experienced · 3 - 5 Yrs of Exp · IT/Software Development · Odoo Development · Odoo ERP · Odoo · python development · ERP Software · ERP Applications,2 months ago,https://wuzzuf.net/jobs/p/knOVzYjsBoqQ-Odoo-Developer-TDS---Talents-Digital-Services-Giza-Egypt
IT OS & Data Base Expert,"Wadi Group - Sheikh Zayed, Giza, Egypt 4 days ago","Sheikh Zayed, Giza, Egypt ",Experienced · 3 - 7 Yrs of Exp · IT/Software Development · Computer Engineering · Computer Science · DBMS · Engineering · Information Technology (IT) · Linux · Oracle · SOA · Software Development,2 months ago,https://wuzzuf.net/jobs/p/63w0ZvCTSOLd-IT-OS-Data-Base-Expert-Wadi-Group-Giza-Egypt
Senior Software Developer,"Gila Electric - Cairo, Egypt 25 days ago","Cairo, Egypt ",Experienced · 4 - 6 Yrs of Exp · Business Development · IT/Software Development · Design · Software Development · Engineering,25 days ago,https://wuzzuf.net/jobs/p/GDUrs6Kf5RMl-Senior-Software-Developer-Gila-Electric-Cairo-Egypt
Senior Full Stack PHP Laravel Developer (Remote - Full Time),"HIGHBASE TRADING W.L.L - Cairo, Egypt 4 days ago","Cairo, Egypt ",Experienced · 5 - 10 Yrs of Exp · IT/Software Development · PHP · HTML5 · CSS3 · Laravel · MySQL · Vue.js · Tailwind · Front-End Development,4 days ago,https://wuzzuf.net/jobs/p/j8EuteiQISiz-Senior-Full-Stack-PHP-Laravel-Developer-Remote---Full-Time-HIGHBASE-TRADING-W-L-L-Cairo-Egypt
Senior Systems/Infrastructure Engineer,"ITIDA - 6th of October, Giza, Egypt 12 days ago","6th of October, Giza, Egypt ",Experienced · 5 - 7 Yrs of Exp · Installation/Maintenance/Repair · IT/Software Development · Engineering - Telecom/Technology · AWS · Computer Engineering · Computer Science · Engineering · Information Technology (IT) · Infrastructure · Networking,2 days ago,https://wuzzuf.net/jobs/p/lqwo2E3mU8s2-Senior-SystemsInfrastructure-Engineer-ITIDA-Giza-Egypt
Backend Developer,"Monglish Academy - Alexandria, Egypt 2 days ago","Alexandria, Egypt ",Experienced · 2 - 5 Yrs of Exp · IT/Software Development · back-end · Computer Science · Information Technology (IT) · Engineering · Software,3 days ago,https://wuzzuf.net/jobs/p/Ocl4a7ca6nEo-Backend-Developer-Monglish-Academy-Alexandria-Egypt
Junior Business Analyst,"Confidential - Giza, Egypt 3 days ago","Giza, Egypt ",Entry Level · 0 - 5 Yrs of Exp · IT/Software Development · Agile · Analyst · Data Analysis · Microsoft Excel · Business Analysis · Business Analyst · Business Administration · Information Technology (IT) · Computer Science,4 days ago,https://wuzzuf.net/jobs/p/G93JTMFsHDQh-Junior-Business-Analyst-Giza-Egypt
Landing Page & SEO Specialist.,"Confidential - New Capital, Cairo, Egypt 4 days ago","New Capital, Cairo, Egypt ",Experienced · 2 - 3 Yrs of Exp · Creative/Design/Art · Marketing/PR/Advertising · Media/Journalism/Publishing · Marketing · Digital Marketing · Google Analytics · Landing Pages · WordPress · media · JavaScript,4 days ago,https://wuzzuf.net/jobs/p/Lbxw20Pzei4J-Landing-Page-SEO-Specialist-Cairo-Egypt
Motion Graphics Designer,"Creative Motion - Maadi, Cairo, Egypt 4 days ago","Maadi, Cairo, Egypt ",Experienced · 3 - 5 Yrs of Exp · Creative/Design/Art · Adobe After Effects · Motion Graphics · Motion · VFX · graphics · 2D · 3D · compositing · After Effects,7 days ago,https://wuzzuf.net/jobs/p/2Dy88k7kbYmk-Motion-Graphics-Designer-Creative-Motion-Cairo-Egypt
BI DWH Reporting Specialist,"Efada Technology - 6th of October, Giza, Egypt 7 days ago","6th of October, Giza, Egypt ",Experienced · 2 - 6 Yrs of Exp · IT/Software Development · Engineering - Telecom/Technology · business · Power BI · BI · Computer Engineering · Information Technology (IT) · SQL · Oracle Database · Data Warehousing,7 days ago,https://wuzzuf.net/jobs/p/iUDrcG14sXWT-BI-DWH-Reporting-Specialist-Efada-Technology-Giza-Egypt
Senior Linux Engineer,"Confidential - Smouha, Alexandria, Egypt 7 days ago","Smouha, Alexandria, Egypt ",Experienced · 3 - 5 Yrs of Exp · Installation/Maintenance/Repair · Engineering - Telecom/Technology · Engineering · Information Technology (IT) · Linux · Ansible · logging proxy · Kubernetes · Software,8 days ago,https://wuzzuf.net/jobs/p/015XH7pHa75A-Senior-Linux-Engineer-Alexandria-Egypt
Senior BIM Electrical Low Current Engineer,"CSI - Heliopolis, Cairo, Egypt 8 days ago","Heliopolis, Cairo, Egypt ",Experienced · 6 - 9 Yrs of Exp · Engineering - Mechanical/Electrical · Electrical · BIM · Electrical Engineering · electrical power engineering · Low Current · Power · Revit · Engineering · Electrical power,12 days ago,https://wuzzuf.net/jobs/p/6Xt0fFVqvBDM-Senior-BIM-Electrical-Low-Current-Engineer-CSI-Cairo-Egypt
Software Testing Instructor,"Amit Learning - Maadi, Cairo, Egypt 8 days ago","Maadi, Cairo, Egypt ",Entry Level · 1 - 4 Yrs of Exp · IT/Software Development · Training/Instructor · Selenium · Automation · Java · Software Testing · Testing · ISTQB · JavaScript · Software Development,8 days ago,https://wuzzuf.net/jobs/p/tyhjGBZjWdLg-Software-Testing-Instructor-Amit-Learning-Cairo-Egypt
Production Support,"Jobworld - Cairo, Egypt 8 days ago","Cairo, Egypt ",Experienced · 12+ Yrs of Exp · Banking · FM Converge · production support · Computer Science · Engineering · Git · IT · Linux · Oracle · Production,8 days ago,https://wuzzuf.net/jobs/p/8xwZq28JG8oI-Production-Support-Jobworld-Cairo-Egypt
Applications Support Specialist,"FinBi Finance & Banking Consultants International - Dokki, Giza, Egypt 9 days ago","Dokki, Giza, Egypt ",Experienced · 2 - 5 Yrs of Exp · IT/Software Development · Application Support · Computer Science · Information Technology (IT) · SQL,9 days ago,https://wuzzuf.net/jobs/p/inSJYnYSjd4y-Applications-Support-Specialist-FinBi-Finance-Banking-Consultants-International-Giza-Egypt
Program Developer,"GB CONSULTING - Athens, Greece 11 days ago","Athens, Greece ",Entry Level · 1 - 20 Yrs of Exp · IT/Software Development · HTML · CSS · PHP · Programming · Software · SQL · Software Development · JavaScript · Java,11 days ago,https://wuzzuf.net/jobs/p/Hwa4dtOuWFQr-Program-Developer-GB-CONSULTING-Athens-Greece
Network and IT Administrator Manager,"May University in Cairo - 15th May City, Cairo, Egypt 11 days ago","15th May City, Cairo, Egypt ",Experienced · 5 - 7 Yrs of Exp · IT/Software Development · Network Administration · Information Technology (IT) · Network Security · System Administration,11 days ago,https://wuzzuf.net/jobs/p/Dl9Xgtoltlf8-Network-and-IT-Administrator-Manager-May-University-in-Cairo-Cairo-Egypt
Manager - Data Analytics,"Alshaya - Cairo, Egypt 30 days ago","Cairo, Egypt ",Manager · 2 - 5 Yrs of Exp · Customer Service/Support · Analyst/Research · Sales/Retail · Business Analysis · Data · Reporting · Analysis,30 days ago,https://wuzzuf.net/jobs/p/xhclI1MgAQs5-Manager --Data-Analytics-Alshaya-Cairo-Egypt
Senior Electrical BIM Technical Office,"Samman  Engineering & Consulting - Giza, Egypt 13 days ago","Giza, Egypt ",Experienced · 7 - 10 Yrs of Exp · Engineering - Mechanical/Electrical · AutoCAD · Communication · BIM · Design · Electrical · Electrical Engineering · Engineering · Microsoft Office · MEP,13 days ago,https://wuzzuf.net/jobs/p/FWp5i83zc9p3-Senior-Electrical-BIM-Technical-Office-Samman-Engineering-Consulting-Giza-Egypt
Full Stack Developer,"Dwell Egypt - New Cairo, Cairo, Egypt 28 days ago","New Cairo, Cairo, Egypt ",Experienced · 3+ Yrs of Exp · IT/Software Development · Analyst/Research · Engineering - Telecom/Technology · Real Estate · Computer Science · Information Technology (IT) · Software · Java,28 days ago,https://wuzzuf.net/jobs/p/ifHc97bpQY9F-Full-Stack-Developer-Dwell-Egypt-Cairo-Egypt
Business Analyst,"Etqan Consultancy - Cairo, Egypt 11 days ago","Cairo, Egypt ",Experienced · 3 - 5 Yrs of Exp · IT/Software Development · Analyst/Research · Analyst · Analysis · Computer Science · Data Analysis · Data Analyst · Information Technology (IT) · SQL · Data,11 days ago,https://wuzzuf.net/jobs/p/hNNS47WR4tvo-Business-Analyst-Etqan-Consultancy-Cairo-Egypt
IT Technical Support (Work Will Be Allocated In Africa),"Confidential - Cairo, Egypt 29 days ago","Cairo, Egypt ",Experienced · 5 - 15 Yrs of Exp · Installation/Maintenance/Repair · IT/Software Development · Engineering - Telecom/Technology · Information Technology (IT) · Computer Hardware · Installation · Networks · Hardware · LAN · WAN,29 days ago,https://wuzzuf.net/jobs/p/zZYL4yHeCIs0-IT-Technical-Support-Work-Will-Be-Allocated-In-Africa-Cairo-Egypt
Civil Engineer - Pavement Quality Control,"Citylogix ME   - New Cairo, Cairo, Egypt 1 month ago","New Cairo, Cairo, Egypt ",Entry Level · Engineering - Other · Quality Control · Engineering · Computer Skills · Communication skills,1 month ago,https://wuzzuf.net/jobs/p/DSOcj2LBdjt1-Civil-Engineer---Pavement-Quality-Control-Citylogix-ME-Cairo-Egypt
DevOps Engineer,"Bydotpy - Maadi, Cairo, Egypt 1 month ago","Maadi, Cairo, Egypt ",Experienced · 2 - 3 Yrs of Exp · IT/Software Development · Engineering - Telecom/Technology · AWS · CI/CD · DevOps · Docker · Jenkins · Kubernetes · Azure,1 month ago,https://wuzzuf.net/jobs/p/TA27K1lVEY0t-DevOps-Engineer-Bydotpy-Cairo-Egypt
AI Engineer – Arabic OCR Specialist,"Epic Systems - Zamalek, Cairo, Egypt 1 month ago","Zamalek, Cairo, Egypt ",Experienced · 1 - 3 Yrs of Exp · IT/Software Development · Arabic · Computer Science · Engineering · AI · English,1 month ago,https://wuzzuf.net/jobs/p/1q6YNmeb5zp8-AI-Engineer-–-Arabic-OCR-Specialist-Epic-Systems-Cairo-Egypt
Senior Devops Engineer,"Bevatel - Dokki, Giza, Egypt 1 month ago","Dokki, Giza, Egypt ",Experienced · 4 - 6 Yrs of Exp · IT/Software Development · Kubernetes · Terraform · Google Cloud · GCP · Cloud · Computer Science · DevOps · Information Technology (IT) · CI/CD,1 month ago,https://wuzzuf.net/jobs/p/wnYNxfGPzi5I-Senior-Devops-Engineer-Bevatel-Giza-Egypt
Junior System Engineer,"El-Amir Group - Nozha, Cairo, Egypt 1 month ago","Nozha, Cairo, Egypt ",Experienced · 2 - 4 Yrs of Exp · IT/Software Development · Computer Engineering · Information Technology (IT),1 month ago,https://wuzzuf.net/jobs/p/R7t1yZmPA1sW-Junior-System-Engineer-El-Amir-Group-Cairo-Egypt
GIS Technician,"Citylogix ME   - New Cairo, Cairo, Egypt 1 month ago","New Cairo, Cairo, Egypt ",Experienced · 2 - 10 Yrs of Exp · IT/Software Development · Arc GIS · GIS · QGIS,1 month ago,https://wuzzuf.net/jobs/p/NJKCWBpb79HZ-GIS-Technician-Citylogix-ME-Cairo-Egypt
Senior Software Quality Control Engineer,"SURE International Technology - Nasr City, Cairo, Egypt 1 month ago","Nasr City, Cairo, Egypt ",Experienced · 5 - 7 Yrs of Exp · IT/Software Development · Quality · Engineering - Telecom/Technology · Computer Science · Quality Control · Analytical Skills · Control · Engineering · Software Testing,1 month ago,https://wuzzuf.net/jobs/p/A9UfSDRIVJv0-Senior-Software-Quality-Control-Engineer-SURE-International-Technology-Cairo-Egypt
Computer Teacher," Egypt Education Platform - Riyadh, Saudi Arabia 26 days ago","Riyadh, Saudi Arabia ",Experienced · 3 - 10 Yrs of Exp · Education/Teaching · computer · Computer Science · Teaching · Programming · Education · Communication skills,26 days ago,https://wuzzuf.net/jobs/p/Yd9Nn96UCBkm-Computer-Teacher-Egypt-Education-Platform-Riyadh-Saudi-Arabia
System Administrator,"Sandah for micro finance - Mohandessin, Giza, Egypt 1 month ago","Mohandessin, Giza, Egypt ",Experienced · 1 - 3 Yrs of Exp · Installation/Maintenance/Repair · IT/Software Development · Engineering - Telecom/Technology · Communication · Computer Science · Information Technology (IT) · Networks · System Administration · System administrator · WAN,1 month ago,https://wuzzuf.net/jobs/p/ePAhOS6xohbY-System-Administrator-Sandah-for-micro-finance-Giza-Egypt
Full Stack Developer,"TryAladdin - Cairo, Egypt 1 month ago","Cairo, Egypt ",Experienced · 2 - 20 Yrs of Exp · IT/Software Development · JavaScript · MySQL · CSS · Angular · Software Development · Full Stack · Git · HTML · Shopify,1 month ago,https://wuzzuf.net/jobs/p/5rqBgjyUAilb-Full-Stack-Developer-TryAladdin-Cairo-Egypt
Senior Data Scientist / Data Scientist – Data & AI Practice,"BrickRed Technologies - Cairo, Egypt 2 months ago","Cairo, Egypt ",Manager · 7 - 10 Yrs of Exp · IT/Software Development · Analyst/Research · Engineering - Telecom/Technology · data scientist · Data Science,2 months ago,https://wuzzuf.net/jobs/p/igdKGEyVjhWD-Senior-Data-Scientist-Data-Scientist-–-Data-AI-Practice-BrickRed-Technologies-Cairo-Egypt
Pen Tester- Cyber Security Engineer L1,"Fixed Solutions - Cairo, Egypt 1 month ago","Cairo, Egypt ",Entry Level · 1 - 3 Yrs of Exp · IT/Software Development · Cybersecurity · Mobile Development · JIRA · Java · Penetration Testing · ASP.Net · Software Development · Software Engineering · Vulnerability Scanning,1 month ago,https://wuzzuf.net/jobs/p/xSghRh4De5g6-Pen-Tester--Cyber-Security-Engineer-L1-Fixed-Solutions-Cairo-Egypt
Nocode Architect / AI Developer,"Avetti Commerce FZCO - Heliopolis, Cairo, Egypt 1 month ago","Heliopolis, Cairo, Egypt ",Entry Level · 1 - 3 Yrs of Exp · IT/Software Development · React.js · nextjs · software · ecommerce · Programming Language · it · Development · Software Development · Web Development,1 month ago,https://wuzzuf.net/jobs/p/BtlIy8jApHFk-Nocode-Architect-AI-Developer-Avetti-Commerce-FZCO-Cairo-Egypt
"Senior Quality Control (QC) Engineer - (Hybrid in Maadi, Egypt)","Confidential - Maadi, Cairo, Egypt 1 month ago","Maadi, Cairo, Egypt ",Experienced · 4 - 7 Yrs of Exp · IT/Software Development · Quality Control · Software Testing · Automated Testing,1 month ago,https://wuzzuf.net/jobs/p/atSDmUXZ8l95-Senior-Quality-Control-QC-Engineer---Hybrid-in-Maadi-Egypt-Cairo-Egypt
Cyber Security Specialist,"DOT Information Technology - Cairo, Egypt 2 months ago","Cairo, Egypt ",Experienced · 3+ Yrs of Exp · IT/Software Development · Engineering - Telecom/Technology · Computer Science · Network Security,2 months ago,https://wuzzuf.net/jobs/p/cXOZeatsEszs-Cyber-Security-Specialist-DOT-Information-Technology-Cairo-Egypt
Senior Data Scientist,"DOT Information Technology - New Cairo, Cairo, Egypt 2 months ago","New Cairo, Cairo, Egypt ",Experienced · 4+ Yrs of Exp · IT/Software Development · Analyst/Research · Machine Learning · Information Technology (IT) · Programming · NLP,2 months ago,https://wuzzuf.net/jobs/p/zSqX4xqCqCT6-Senior-Data-Scientist-DOT-Information-Technology-Cairo-Egypt
Odoo Business Analyst,"Confidential - Riyadh, Saudi Arabia 2 months ago","Riyadh, Saudi Arabia ",Experienced · 3 - 5 Yrs of Exp · IT/Software Development · Computer Science · Communication skills · Business Analysis · Technical Writing · quality · Analysis · systems analysis · business · Information Technology (IT),2 months ago,https://wuzzuf.net/jobs/p/qT0cLvkZAeQ1-Odoo-Business-Analyst-Riyadh-Saudi-Arabia
Full-Stack Developer,"Confidential - Cairo, Egypt 2 months ago","Cairo, Egypt ",Experienced · 2+ Yrs of Exp · IT/Software Development · Engineering - Telecom/Technology · PHP · Angular · Computer Science · CSS · HTML · SQL · Information Technology (IT) · JavaScript,2 months ago,https://wuzzuf.net/jobs/p/W1zQESV6zRCu-Full-Stack-Developer-Cairo-Egypt
Full Stack Developer,"Cherwell Associates - Zamalek, Cairo, Egypt 2 months ago","Zamalek, Cairo, Egypt ",Experienced · 4 - 7 Yrs of Exp · IT/Software Development · Engineering - Telecom/Technology · Full Stack · JavaScript · HTML · React · Software Development · MySQL · Angular · Computer Science,2 months ago,https://wuzzuf.net/jobs/p/r1rEJeYTlDMm-Full-Stack-Developer-Cherwell-Associates-Cairo-Egypt
Senior IT Engineer,"Sumitomo Electric Egypt - 6th of October, Giza, Egypt 2 months ago","6th of October, Giza, Egypt ",Experienced · 2 - 4 Yrs of Exp · IT/Software Development · Engineering - Telecom/Technology · Computer Science · Information Technology (IT),2 months ago,https://wuzzuf.net/jobs/p/GYqvlg9mZFoj-Senior-IT-Engineer-Sumitomo-Electric-Egypt-Giza-Egypt
Full Stack Developer,"TheFedexperience - New Cairo, Cairo, Egypt 2 months ago","New Cairo, Cairo, Egypt ",Entry Level · 1 - 3 Yrs of Exp · females_preferred · Creative/Design/Art · IT/Software Development · Full Stack · CSS · HTML · Information Technology (IT) · React · MySQL · Java · JavaScript,2 months ago,https://wuzzuf.net/jobs/p/Wb82PQp3ZN4s-Full-Stack-Developer-TheFedexperience-Cairo-Egypt
Senior Application Support Engineer,"Al Ahly Momkn for e-payment - Maadi, Cairo, Egypt 2 months ago","Maadi, Cairo, Egypt ",Experienced · 3 - 5 Yrs of Exp · IT/Software Development · Engineering - Telecom/Technology · Information Technology (IT) · Application Support · application · Engineering · Linux · SQL · PL/SQL,2 months ago,https://wuzzuf.net/jobs/p/AksffNAYEOQx-Senior-Application-Support-Engineer-Al-Ahly-Momkn-for-e-payment-Cairo-Egypt
Applications Developer,"Egypt Foods - Giza, Egypt 2 months ago","Giza, Egypt ",Experienced · 1 - 1 Yrs of Exp · IT/Software Development · JavaScript · Java · Computer Science · Software Engineering · Software Development · Application Development,2 months ago,https://wuzzuf.net/jobs/p/7RIEWkonivw1-Applications-Developer-Egypt-Foods-Giza-Egypt
Senior Software Engineer,"Confidential - Ain Shams, Cairo, Egypt 2 months ago","Ain Shams, Cairo, Egypt ",Experienced · 8 - 12 Yrs of Exp · IT/Software Development · Information Technology (IT) · Programming · Software · Software Development,2 months ago,https://wuzzuf.net/jobs/p/V7goCRpPDIyr-Senior-Software-Engineer-Cairo-Egypt
Web & Mobile Apps Developer Expert,"Cleopatra Hospitals Group - New Cairo, Cairo, Egypt 2 months ago","New Cairo, Cairo, Egypt ",Entry Level · 1 - 3 Yrs of Exp · IT/Software Development · Computer Science · Design · Software Engineering · Information Technology (IT) · Software Development · Web Development · JavaScript · HTML · CSS,2 months ago,https://wuzzuf.net/jobs/p/pnare4EY3c9L-Web-Mobile-Apps-Developer-Expert-Cleopatra-Hospitals-Group-Cairo-Egypt
IT Operations Supervisor,"Kasrawy Group - Abu Rawash, Giza, Egypt 2 months ago","Abu Rawash, Giza, Egypt ",Experienced · 10 - 15 Yrs of Exp · IT/Software Development · Engineering - Telecom/Technology · Information Technology (IT) · Linux · Engineering · Microsoft Office 365 · Security · Microsoft Azure · AWS · Unix/Linux,2 months ago,https://wuzzuf.net/jobs/p/Bkoo25c3HF7s-IT-Operations-Supervisor-Kasrawy-Group-Giza-Egypt
Junior Data Analyst,"Confidential - Cairo, Egypt 2 months ago","Cairo, Egypt ",Experienced · 2 - 4 Yrs of Exp · IT/Software Development · Analyst/Research · Engineering - Telecom/Technology · Analyzing · Computer Science · Analysis · Data · Data Analysis · Engineering · Information Technology (IT),2 months ago,https://wuzzuf.net/jobs/p/kl5VSf950AsV-Junior-Data-Analyst-Cairo-Egypt
Software Testing,"Cubic Information Systems - New Cairo, Cairo, Egypt 2 months ago","New Cairo, Cairo, Egypt ",Experienced · 2 - 4 Yrs of Exp · IT/Software Development · Quality · Engineering - Telecom/Technology · Information Technology (IT) · Software · Software Testing · Agile · Automation · Software Development · Testing,2 months ago,https://wuzzuf.net/jobs/p/e6MzVWfeVuod-Software-Testing-Cubic-Information-Systems-Cairo-Egypt
Operations Coordinator,"Extend for IT solutions - Maadi, Cairo, Egypt 2 months ago","Maadi, Cairo, Egypt ",Experienced · 3 - 5 Yrs of Exp · Logistics/Supply Chain · Operations/Management · Data Analysis · Operations · Pivot Tables,2 months ago,https://wuzzuf.net/jobs/p/vzeQVQ7OuWdQ-Operations-Coordinator-Extend-for-IT-solutions-Cairo-Egypt
Researcher (AI & Technology),"Rehabitaire - Maadi, Cairo, Egypt 2 months ago","Maadi, Cairo, Egypt ",Experienced · 4+ Yrs of Exp · R&D/Science · IT/Software Development · Analyst/Research · AI · Computer Vision · NLP · Computer · Computer Science · Research · Internet Research,2 months ago,https://wuzzuf.net/jobs/p/OCsZGR12c4dE-Researcher-AI-Technology-Rehabitaire-Cairo-Egypt
